{
  "configVersion": 1,
  "timestamp": 1763942852413,
  "index": "/index.html",
  "assetGroups": [
    {
      "name": "app",
      "installMode": "prefetch",
      "updateMode": "prefetch",
      "cacheQueryOptions": {
        "ignoreVary": true
      },
      "urls": [
        "/admin.routes-CKYQVNB3.js",
        "/browser-PA7M3EXV.js",
        "/chunk-2MUWEPR2.js",
        "/chunk-34HBWEZ3.js",
        "/chunk-4FXRWGLL.js",
        "/chunk-4LZLDCVM.js",
        "/chunk-4SM47LUF.js",
        "/chunk-5BCVOG4L.js",
        "/chunk-7NA53B7M.js",
        "/chunk-7NJN3V7Z.js",
        "/chunk-7OBOYUXW.js",
        "/chunk-ADHYLI4F.js",
        "/chunk-AQO6FLE6.js",
        "/chunk-B3DYXOBH.js",
        "/chunk-BEQVXJQK.js",
        "/chunk-BHBJXH5H.js",
        "/chunk-D4BGZ3LF.js",
        "/chunk-EV4ZQC67.js",
        "/chunk-FHAETXHK.js",
        "/chunk-FI6TGHLE.js",
        "/chunk-H3Z2WW5W.js",
        "/chunk-H7W7X3R4.js",
        "/chunk-HPEO5HJC.js",
        "/chunk-J5JVDPFK.js",
        "/chunk-JNGXTFUA.js",
        "/chunk-K7W2JE5Z.js",
        "/chunk-KQEJHESJ.js",
        "/chunk-KXXXZCB6.js",
        "/chunk-LHYYZWFK.js",
        "/chunk-LQHD5MTS.js",
        "/chunk-LYGF4RF7.js",
        "/chunk-MA6SXHYC.js",
        "/chunk-MC7HW2GL.js",
        "/chunk-MQYPXGMY.js",
        "/chunk-MRNFMTOE.js",
        "/chunk-N62YNSN6.js",
        "/chunk-NQLFRXVY.js",
        "/chunk-OJQZNTLX.js",
        "/chunk-ON2JQRJZ.js",
        "/chunk-Q74C7PYH.js",
        "/chunk-QINLMX2Z.js",
        "/chunk-QTAT7GCA.js",
        "/chunk-R4H3LHE5.js",
        "/chunk-RBMTPJHM.js",
        "/chunk-RD3B4S7P.js",
        "/chunk-TDOPS5CM.js",
        "/chunk-TIFPZGYV.js",
        "/chunk-UIVJRARY.js",
        "/chunk-V7TQOFPO.js",
        "/chunk-VZXYYFOL.js",
        "/chunk-WEPZBWS4.js",
        "/chunk-WS32T5JK.js",
        "/chunk-X6EMILF7.js",
        "/chunk-XXAR46UN.js",
        "/chunk-Y3MEIMOS.js",
        "/chunk-Y75TVRVW.js",
        "/chunk-YAWL7G5N.js",
        "/chunk-YSZWGYJT.js",
        "/chunk-YZUK2KAP.js",
        "/chunk-ZDAGMJPI.js",
        "/chunk-ZXVPTCFE.js",
        "/focus-visible-BmVRXR1y-4R4QGMBW.js",
        "/focus-visible-M3YWOYTS.js",
        "/graphql-CKQSALRT.js",
        "/hardware-back-button-CPLxO-Ev-LH6T3LA7.js",
        "/hardware-back-button-TWXJAR73.js",
        "/index-CfgBF1SE-2CQLQBV5.js",
        "/index-ceb5RaMT-M2RI5PGM.js",
        "/index.html",
        "/index3-2HTCLXIX.js",
        "/index7-WJA7BHTD.js",
        "/input-shims-DyOpfTg6-VTSZ6UX5.js",
        "/input-shims-JVWPLEU4.js",
        "/ion-accordion_2.entry-YZI6DX2U.js",
        "/ion-action-sheet.entry-ACCYJAWR.js",
        "/ion-alert.entry-PYHQ5BTR.js",
        "/ion-app_8.entry-KZH75SQP.js",
        "/ion-avatar_3.entry-GSI5HW4H.js",
        "/ion-back-button.entry-QRJ6NUEP.js",
        "/ion-backdrop.entry-E5THJ5D3.js",
        "/ion-breadcrumb_2.entry-EBF4TCYU.js",
        "/ion-button_2.entry-EKL7HNKD.js",
        "/ion-card_5.entry-PHRSFXIQ.js",
        "/ion-checkbox.entry-QRS4PG2O.js",
        "/ion-chip.entry-FA4CCRA4.js",
        "/ion-col_3.entry-F242EBFX.js",
        "/ion-datetime-button.entry-V3GCFFCO.js",
        "/ion-datetime_3.entry-TXZZ5YLW.js",
        "/ion-fab_3.entry-TA4ORS5X.js",
        "/ion-icon.entry-PNL4JNBP.js",
        "/ion-img.entry-AY3XZXL4.js",
        "/ion-infinite-scroll_2.entry-KHR6I4HQ.js",
        "/ion-input-otp.entry-NRKJTUDF.js",
        "/ion-input-password-toggle.entry-AVP7Z5Y6.js",
        "/ion-input.entry-RK5VJJJP.js",
        "/ion-item-option_3.entry-CMFOXEH2.js",
        "/ion-item_8.entry-LKMWBHSP.js",
        "/ion-loading.entry-OEQ5GNY7.js",
        "/ion-menu_3.entry-4QGU6RJE.js",
        "/ion-modal.entry-4HHLG3BB.js",
        "/ion-nav_2.entry-TTLOQC4C.js",
        "/ion-picker-column-option.entry-52ACZY32.js",
        "/ion-picker-column.entry-BH3ZTUHX.js",
        "/ion-picker.entry-QSZPFBKI.js",
        "/ion-popover.entry-343BZUTO.js",
        "/ion-progress-bar.entry-KPKK2KWD.js",
        "/ion-radio_2.entry-ZY36PEVQ.js",
        "/ion-range.entry-2RHEZ6UH.js",
        "/ion-refresher_2.entry-TSBHQYLA.js",
        "/ion-reorder_2.entry-TQDIFSH6.js",
        "/ion-ripple-effect.entry-RMXOQGLF.js",
        "/ion-route_4.entry-3EO7HH22.js",
        "/ion-searchbar.entry-IDLKF6L6.js",
        "/ion-segment-content.entry-ZVJU6NFE.js",
        "/ion-segment-view.entry-MEJ2JCJG.js",
        "/ion-segment_2.entry-7BVWSE77.js",
        "/ion-select-modal.entry-CJKGJSI6.js",
        "/ion-select_3.entry-3PD3XS6C.js",
        "/ion-spinner.entry-GE4ILAMF.js",
        "/ion-split-pane.entry-7VE634QT.js",
        "/ion-tab-bar_2.entry-TL3U4R7A.js",
        "/ion-tab_2.entry-JZPIA3QX.js",
        "/ion-text.entry-YW2BG4YB.js",
        "/ion-textarea.entry-4NNYM54C.js",
        "/ion-toast.entry-QVGH6AXN.js",
        "/ion-toggle.entry-JFPVQLNA.js",
        "/ios.transition-BDzw0_Hm-OXC37FUM.js",
        "/ios.transition-OWIC2BLA.js",
        "/keyboard-AKLULWB4.js",
        "/keyboard-ywgs5efA-WHBQ6VJC.js",
        "/main.js",
        "/manifest.webmanifest",
        "/md.transition-BzDYi3qq-M7BKW3AW.js",
        "/md.transition-NEV2OGPG.js",
        "/mockServiceWorker.js",
        "/molding.routes-K2EUY4EP.js",
        "/polyfills.js",
        "/status-tap-5DQ7Fc4V-BKFM6UEA.js",
        "/status-tap-VRXEPTXE.js",
        "/styles.css",
        "/swipe-back-5J3DA3U5.js",
        "/swipe-back-BKw2CAHc-SSZRZQOQ.js",
        "/tooling.routes-2YFG3MKL.js"
      ],
      "patterns": []
    },
    {
      "name": "assets",
      "installMode": "lazy",
      "updateMode": "prefetch",
      "cacheQueryOptions": {
        "ignoreVary": true
      },
      "urls": [
        "/assets/fakeDatas/kits.json",
        "/assets/fakeDatas/user.json",
        "/assets/icon/favicon.png",
        "/assets/icons/icon-128x128.png",
        "/assets/icons/icon-144x144.png",
        "/assets/icons/icon-152x152.png",
        "/assets/icons/icon-192x192.png",
        "/assets/icons/icon-384x384.png",
        "/assets/icons/icon-512x512.png",
        "/assets/icons/icon-72x72.png",
        "/assets/icons/icon-96x96.png",
        "/assets/images/logoDaher.png",
        "/assets/images/logoDaherFondBleu.png",
        "/assets/img/fond.jpg",
        "/assets/img/logoDaher.png",
        "/assets/shapes.svg"
      ],
      "patterns": []
    }
  ],
  "dataGroups": [],
  "hashTable": {
    "/admin.routes-CKYQVNB3.js": "013c6ff5cd16a097b42b294326f46611b776720a",
    "/assets/fakeDatas/kits.json": "5de60b890809493d19c50d72ae4b5322b78871a9",
    "/assets/fakeDatas/user.json": "ba2da03e6ac16a74283ff2f46946e5647ec58ac2",
    "/assets/icon/favicon.png": "7798b8e0eb61d7375c245af78bbf5c916932bf13",
    "/assets/icons/icon-128x128.png": "dae3b6ed49bdaf4327b92531d4b5b4a5d30c7532",
    "/assets/icons/icon-144x144.png": "b0bd89982e08f9bd2b642928f5391915b74799a7",
    "/assets/icons/icon-152x152.png": "7479a9477815dfd9668d60f8b3b2fba709b91310",
    "/assets/icons/icon-192x192.png": "1abd80d431a237a853ce38147d8c63752f10933b",
    "/assets/icons/icon-384x384.png": "329749cd6393768d3131ed6304c136b1ca05f2fd",
    "/assets/icons/icon-512x512.png": "559d9c4318b45a1f2b10596bbb4c960fe521dbcc",
    "/assets/icons/icon-72x72.png": "c457e56089a36952cd67156f9996bc4ce54a5ed9",
    "/assets/icons/icon-96x96.png": "3914125a4b445bf111c5627875fc190f560daa41",
    "/assets/images/logoDaher.png": "4421d131fb3d5834ba7dacee81fdc1d215752312",
    "/assets/images/logoDaherFondBleu.png": "e4f759a7d59cb083b8c32744d1332d39d1536879",
    "/assets/img/fond.jpg": "cde39f27b325cfd0d377685149a8163f16aaa0e5",
    "/assets/img/logoDaher.png": "4421d131fb3d5834ba7dacee81fdc1d215752312",
    "/assets/shapes.svg": "638f87e27e6fc7ddfd6e6b262ea70d690f6c7011",
    "/browser-PA7M3EXV.js": "55e908ec03fa4db14c1a655004498f6c1cc14ded",
    "/chunk-2MUWEPR2.js": "d2e811074207935ec2fed33a56c42cfcbf045e8b",
    "/chunk-34HBWEZ3.js": "6f9df2ff22a713c1d88813c85256f87d19dd8102",
    "/chunk-4FXRWGLL.js": "a949f4eec4c244c4e88e9a2da76a3600d40ec56e",
    "/chunk-4LZLDCVM.js": "05f2048a1bde704aecf0d050460961e8a0ace9eb",
    "/chunk-4SM47LUF.js": "db146c726b4878b88f76b2f3bbcefd6a21f03c36",
    "/chunk-5BCVOG4L.js": "ee78ed67f2c4cf9f36f469470f90807f2ae673ef",
    "/chunk-7NA53B7M.js": "9fc885d7c57641a8f1f147910cbe7e089bdf83ac",
    "/chunk-7NJN3V7Z.js": "ee2bddb445cff3fb1f4d9598f25e91ea153a9329",
    "/chunk-7OBOYUXW.js": "3c02c24b817d70eebdcd7ca6f7dcba32e413054a",
    "/chunk-ADHYLI4F.js": "67cb9c1528b9f5e6e117e62a77c114e906a10bde",
    "/chunk-AQO6FLE6.js": "529fd86c0960fc8171710261dd5ca5eecda8c445",
    "/chunk-B3DYXOBH.js": "9f1ab409fbecf68e92ed05fb9e8e66827e9cf335",
    "/chunk-BEQVXJQK.js": "912400e44214ba4c2cfd1088b5f136b955472e76",
    "/chunk-BHBJXH5H.js": "b8b438d6f62e7dcdd5b7f943e6f1a0340d296a44",
    "/chunk-D4BGZ3LF.js": "18675f7b878bd78936f3d8dba4b6ddfc99b9fb4a",
    "/chunk-EV4ZQC67.js": "e63a10ae10658f2ccf9a1d400ea341e17c8fca9c",
    "/chunk-FHAETXHK.js": "9a2248d3cdaba9195c1381a30705e8f6193543c0",
    "/chunk-FI6TGHLE.js": "2aa2af8c308ee510e476833a3a6824274ac2dd48",
    "/chunk-H3Z2WW5W.js": "f1549f4492154ecdf877f3659aee701bc1eacc55",
    "/chunk-H7W7X3R4.js": "8c7e605cdd7302894fcd3ea9293858f347f6ba7e",
    "/chunk-HPEO5HJC.js": "4b289185069e27dec94cb0f89c479742d018764e",
    "/chunk-J5JVDPFK.js": "26b550d220778391b25c53b7042c198a4e107260",
    "/chunk-JNGXTFUA.js": "05a1e03bb4eca87e109478a18be315e9256ee39f",
    "/chunk-K7W2JE5Z.js": "ede1ef682c0bdf5cb5307783611ff4a70b553197",
    "/chunk-KQEJHESJ.js": "beed856ad4f8a3adac7211b13251058dd00b1270",
    "/chunk-KXXXZCB6.js": "fb0e45219f7b786f5af4a1e45de53628e493d531",
    "/chunk-LHYYZWFK.js": "59c35330d8a18180882f435b06e98eb02c2ffbbb",
    "/chunk-LQHD5MTS.js": "ad192e52531c1e52149ecbb01050420f9e6b7c29",
    "/chunk-LYGF4RF7.js": "750adb85982b86418fe11ce70d4f81168ce722b3",
    "/chunk-MA6SXHYC.js": "24a415fdf3700e9baa624f6b3e15be4e37aa354e",
    "/chunk-MC7HW2GL.js": "c74edebfd911f0c7b7041b4edfaee20864b00595",
    "/chunk-MQYPXGMY.js": "c7ad524d1e618405cb2fbe66713bff1ae3285860",
    "/chunk-MRNFMTOE.js": "2e973ef851dfbb6b88eb0b126af64c137a61c6fe",
    "/chunk-N62YNSN6.js": "090ae940fc6e6db1efbdcb4820fb9d3f4bf3651b",
    "/chunk-NQLFRXVY.js": "284a4cafd10b551011b80b0394f7994f891acd5b",
    "/chunk-OJQZNTLX.js": "4f6cf57c27b3c1d955042d868c15eb317f9cd7f6",
    "/chunk-ON2JQRJZ.js": "5127054af9d7ccb26ba15535520cc408a90916dd",
    "/chunk-Q74C7PYH.js": "d61fbceb5be9360ef1511aa1a54aa6176f23166a",
    "/chunk-QINLMX2Z.js": "55ca151e703c9ddee0e648fa52c062badaae7c48",
    "/chunk-QTAT7GCA.js": "5a5cd274502a9aa28377b715c2374e1e5a109ce2",
    "/chunk-R4H3LHE5.js": "460b050f2f552a152212f0cb034707eb7b91674f",
    "/chunk-RBMTPJHM.js": "dc7a5c68f6f171c677200a2a59a97162c383b7a8",
    "/chunk-RD3B4S7P.js": "48efb15a5632386359c1cccb03c0560a4ab4126b",
    "/chunk-TDOPS5CM.js": "04bcacb6ad6e1324e696019d814ab42c2a04db1f",
    "/chunk-TIFPZGYV.js": "0af5701b0f3e4cdcb2f251a55ff9ab96ed5aa0b7",
    "/chunk-UIVJRARY.js": "400cc563766529c48632ca7803a70a80d728e22f",
    "/chunk-V7TQOFPO.js": "66fc1295e5a21404c030c17484a8686c32b621b4",
    "/chunk-VZXYYFOL.js": "16d6823c9f00a3f9851e0541e615164df983e968",
    "/chunk-WEPZBWS4.js": "2ceeb813e2337c3fa973482f823da6fdb9ff0116",
    "/chunk-WS32T5JK.js": "7ddf5c6bf228d8567637628f8dde3590735ad079",
    "/chunk-X6EMILF7.js": "0dc29ba0f0bc1808feecc75f55e855843ac85776",
    "/chunk-XXAR46UN.js": "b1240cf5cad18881b974c103fcd4be7366be0d7e",
    "/chunk-Y3MEIMOS.js": "93c03631c34cdf897335b4b052040b8f3a405ab5",
    "/chunk-Y75TVRVW.js": "171ca4599674e3f03e8d7ff195b9253e64b5608e",
    "/chunk-YAWL7G5N.js": "d34a2e7c8dad22d7761d8aedbb3fc89997313d5b",
    "/chunk-YSZWGYJT.js": "2c0faba3ed02b79c002463684d5326cd355b21a8",
    "/chunk-YZUK2KAP.js": "4068fb47e80fca10c193d02eda61c08a01b59fa4",
    "/chunk-ZDAGMJPI.js": "c5f66092a5cf200404510510e8774ccc927170b4",
    "/chunk-ZXVPTCFE.js": "2fbdf17ceed86400f97eba25cbf2ac880ee67fb2",
    "/focus-visible-BmVRXR1y-4R4QGMBW.js": "26668d9a5626be2121eb490bb1326202fbaff791",
    "/focus-visible-M3YWOYTS.js": "acc72af76186177394bf9ee194e3978dec64a614",
    "/graphql-CKQSALRT.js": "0923b7a4903003a5e308ebd88f9b014425d8d649",
    "/hardware-back-button-CPLxO-Ev-LH6T3LA7.js": "182c7957769ebf5497ada6dd8d7b256bbcfba4e6",
    "/hardware-back-button-TWXJAR73.js": "4377761c990e1558bfb12d0fb4d507bd0dcd3012",
    "/index-CfgBF1SE-2CQLQBV5.js": "17941c0ff4f26347fdb5bb894a1bbba0552407f4",
    "/index-ceb5RaMT-M2RI5PGM.js": "c35eab63786c1c9267b2cf21885b70b57ff4eac3",
    "/index.html": "d6815cb9ced8b82a08d313436e1b5374d1214be7",
    "/index3-2HTCLXIX.js": "5c937a3a77e5b49b2b237ccd1853a0dda1d25ad5",
    "/index7-WJA7BHTD.js": "5fda052cdbcba01f4417fa4e93d88939b5cb3ad1",
    "/input-shims-DyOpfTg6-VTSZ6UX5.js": "5f04bde4a6bd338d00ec0ccb9ffa435f59c2aa18",
    "/input-shims-JVWPLEU4.js": "9243c43eab5415223434d289e60f5800e4f9db4c",
    "/ion-accordion_2.entry-YZI6DX2U.js": "ed0dbfae9769836f7847c5203fdb47e5a9b8f9d1",
    "/ion-action-sheet.entry-ACCYJAWR.js": "5fa0f88865d625cda8b141543aeb3ff19f945266",
    "/ion-alert.entry-PYHQ5BTR.js": "f7d73802b7e5873ebf8ef4c5da3be8fee895133f",
    "/ion-app_8.entry-KZH75SQP.js": "5de1a41f775dec78c8f0d8ccfd6cf5f70564e6ff",
    "/ion-avatar_3.entry-GSI5HW4H.js": "4f2557f39ba7ac86590c5cfe55bad209fed4a245",
    "/ion-back-button.entry-QRJ6NUEP.js": "96f64530d7cfc2d65c8dcfcc96c534c54b688362",
    "/ion-backdrop.entry-E5THJ5D3.js": "73a5cf80caf6dffc33735d8bb4f48cc9e511f98b",
    "/ion-breadcrumb_2.entry-EBF4TCYU.js": "abd473f914ea8b8e70da497f51e5b8351c5a5d4d",
    "/ion-button_2.entry-EKL7HNKD.js": "2b93966336b15236db1ffed3c40c59aab062fc02",
    "/ion-card_5.entry-PHRSFXIQ.js": "61f8d37ed6f22a9a69892710bc9e95d86a992cf3",
    "/ion-checkbox.entry-QRS4PG2O.js": "7ad72118e72fdbe57a3f357b491729025af490b3",
    "/ion-chip.entry-FA4CCRA4.js": "df640f4c2fcb1c1bff65c2bb856e8cecd4015303",
    "/ion-col_3.entry-F242EBFX.js": "b7c98258a4d031d9129f9fd1a617d77f5e5c3828",
    "/ion-datetime-button.entry-V3GCFFCO.js": "b0149f5d0b794baa53ba272426932d342626029e",
    "/ion-datetime_3.entry-TXZZ5YLW.js": "f2da09d62554b1e8851753af0f117cd1109bc621",
    "/ion-fab_3.entry-TA4ORS5X.js": "8afbcd57877a3f1973f45cf44c0c9ed632a9c53c",
    "/ion-icon.entry-PNL4JNBP.js": "27f04c6b89e2d435bd550e9453b0e16116dc2f6b",
    "/ion-img.entry-AY3XZXL4.js": "36e724a870e86cd0230196373c8bb3f1241aae2f",
    "/ion-infinite-scroll_2.entry-KHR6I4HQ.js": "884fc1f28ded6328868b73d8eda9a8e261bafd46",
    "/ion-input-otp.entry-NRKJTUDF.js": "c72ca1b65f5c7778bef7ed1f99f0e7afb913c5ab",
    "/ion-input-password-toggle.entry-AVP7Z5Y6.js": "acfa84c0706b09310285fd41f0189987d937d371",
    "/ion-input.entry-RK5VJJJP.js": "23f719dd70ae1c563988a3b45652bc0f7fc11903",
    "/ion-item-option_3.entry-CMFOXEH2.js": "de70f53325849c84a28dc4f4c134e7660dbe8edd",
    "/ion-item_8.entry-LKMWBHSP.js": "8106f3d7f518777ed104c0d19b24047b06212dc8",
    "/ion-loading.entry-OEQ5GNY7.js": "fa78f199f7d3be56772d43efea7be12e6ea0f70b",
    "/ion-menu_3.entry-4QGU6RJE.js": "73fbb3293f968e715190fa91ef84707a5c160bc6",
    "/ion-modal.entry-4HHLG3BB.js": "497ca4af7f5383756efee3735bbe0644eb9c0310",
    "/ion-nav_2.entry-TTLOQC4C.js": "2cc67419e09c3dc0af0ba09edf0ecda6636e7efa",
    "/ion-picker-column-option.entry-52ACZY32.js": "9e42c6d1683654fd51f79f61442edf74588be8af",
    "/ion-picker-column.entry-BH3ZTUHX.js": "c529be8a59fbf77c3737a9213a307268286c1162",
    "/ion-picker.entry-QSZPFBKI.js": "b9c94348cb100cecf32e701072bffa5eb29fb298",
    "/ion-popover.entry-343BZUTO.js": "9cc9f02377a3e88ed8d8ccbae1dc4b47708addd2",
    "/ion-progress-bar.entry-KPKK2KWD.js": "085c5ce876e2c3ac858c0f5de808ebdf2d0d4662",
    "/ion-radio_2.entry-ZY36PEVQ.js": "f872ab0ab3efe4c9aac69203ea2e8888b7e77d87",
    "/ion-range.entry-2RHEZ6UH.js": "abd89ad5f79af2cc23a0f415a58342132ee16351",
    "/ion-refresher_2.entry-TSBHQYLA.js": "ffae9dbb0c2cdccab89a44ab625e315095b52dc1",
    "/ion-reorder_2.entry-TQDIFSH6.js": "d3cf5dea470e74786d1b89690f91e1f83be15ffe",
    "/ion-ripple-effect.entry-RMXOQGLF.js": "c9bacddd7fc62ef3c233d2d5e142c66b8348314a",
    "/ion-route_4.entry-3EO7HH22.js": "ab9d449f5d2374be2f41368529bde600d283e4df",
    "/ion-searchbar.entry-IDLKF6L6.js": "5a9a1e1eeb6258891e89be3e87af1065239609cd",
    "/ion-segment-content.entry-ZVJU6NFE.js": "bfea36b88ab59356bc4d013afeb45dd1e66ee8e6",
    "/ion-segment-view.entry-MEJ2JCJG.js": "6e893fb38bf6ebd86cd0f76ff5aaf21b8ab3a3e3",
    "/ion-segment_2.entry-7BVWSE77.js": "489a14fe0671fb8382ddee496d17814e14b10f5c",
    "/ion-select-modal.entry-CJKGJSI6.js": "7d235cfed65bbada2accd2cf3875b70d9e62ad9a",
    "/ion-select_3.entry-3PD3XS6C.js": "5eecf0b463d20011033dff18cb591ab99d532520",
    "/ion-spinner.entry-GE4ILAMF.js": "6e69f3127d1abb42e3e62c4427a4667e1734027b",
    "/ion-split-pane.entry-7VE634QT.js": "6f3855b59c1fbd92bffcc35bee2ae433f2f32549",
    "/ion-tab-bar_2.entry-TL3U4R7A.js": "a9ceec6325e3fc17968f30c73650f9f6533a4c81",
    "/ion-tab_2.entry-JZPIA3QX.js": "327382fa58c48d432cf239431451ec60f8c9e1c5",
    "/ion-text.entry-YW2BG4YB.js": "244c95558c73b333747be000bcd291f338d659dd",
    "/ion-textarea.entry-4NNYM54C.js": "94284b1cd986e5505c2212fbb96ed0f480644888",
    "/ion-toast.entry-QVGH6AXN.js": "e747ba73ea32be27f23ab1462056aa2d044f6fef",
    "/ion-toggle.entry-JFPVQLNA.js": "ebab8beb740b509ee757a05d52a0648032dbe6c9",
    "/ios.transition-BDzw0_Hm-OXC37FUM.js": "cbcfb3398c4b0097aa1e7d6da0488b54bd27f9c7",
    "/ios.transition-OWIC2BLA.js": "dc61607596c897e301bb1fca3010e7980de05c2e",
    "/keyboard-AKLULWB4.js": "b6ec00e446d2b9e325e0df16379a167904f29d48",
    "/keyboard-ywgs5efA-WHBQ6VJC.js": "30fe83d5691a4ecb01b037dcf9d495b84bea5851",
    "/main.js": "28127104998fd7e76dd72ebd9754e2da97e9b2b7",
    "/manifest.webmanifest": "edc77c92f0995b99c58be2aa5af574634c969770",
    "/md.transition-BzDYi3qq-M7BKW3AW.js": "68c8b9fb1c10bb9e0bc90a082ae85eb6e72fa31e",
    "/md.transition-NEV2OGPG.js": "153ac02369304a6140c4a055f23741a377eb0b42",
    "/mockServiceWorker.js": "1b2dc76751e4297dd713555985e42e27f5a824c4",
    "/molding.routes-K2EUY4EP.js": "9f0d3bc2498232976146d81aebbb0ccb1e94064e",
    "/polyfills.js": "89a68010cc115ee474ba8d960b7b423c689acbe2",
    "/status-tap-5DQ7Fc4V-BKFM6UEA.js": "75b6fcb92c42a69f1b0d6284282dadedece6424d",
    "/status-tap-VRXEPTXE.js": "31996a8c8ded60594a5d819cfaa3d3ef79a86262",
    "/styles.css": "f10f7ed4ed1bd7a3876462fe925c04ac8c788879",
    "/swipe-back-5J3DA3U5.js": "06a8dc67ac9ce1f70ae36f6518b1e680fe7dbd8d",
    "/swipe-back-BKw2CAHc-SSZRZQOQ.js": "fb025ce941004ac1f24e62a10801ac136b1ab859",
    "/tooling.routes-2YFG3MKL.js": "6ff25c52fb9043b5b98bdb275f002f14e36b7699"
  },
  "navigationUrls": [
    {
      "positive": true,
      "regex": "^\\/.*$"
    },
    {
      "positive": false,
      "regex": "^\\/(?:.+\\/)?[^/]*\\.[^/]*$"
    },
    {
      "positive": false,
      "regex": "^\\/(?:.+\\/)?[^/]*__[^/]*$"
    },
    {
      "positive": false,
      "regex": "^\\/(?:.+\\/)?[^/]*__[^/]*\\/.*$"
    }
  ],
  "navigationRequestStrategy": "performance"
}